Topic Value New,Topic Value Original,User Value New,User Value Original,Learning Resource Value New,Learning Resource Value Original
0,"Unit ES_04, Section ES_04-1",0,0BrbPbwCMz,0,EG4-FIXED
1,"Unit ES_04, Section ES_04-2",1,19UbXBlPPK,1,EG40
2,"Unit ES_04, Section ES_04-3",2,2oNLCndtam,2,EG54
3,"Unit ES_04, Section ES_04-4",3,46z59pQP58,3,EG55A
4,"Unit ES_04, Section ES_04-5",4,52vEY7f17k,4,EG55
5,"Unit ES_04, Section ES_04-6",5,5ey2xUDZTA,5,EG56
6,"Unit ES_04, Section ES_04-7",6,6W08a98ZQV,6,EG56A
7,"Unit ES_04, Section ES_04-8",7,8o0mJnIpFH,7,EG57A
8,"Unit ES_04, Section ES_04-9",8,8rsfNQdio8,8,EG57
9,"Unit ES_04, Section ES_04-10",9,9hs21hUG5O,9,EG58A
10,"Unit ES_04, Section ES_04-11",10,b2W4ZO3uLV,10,EG58
11,"Unit ES_04, Section ES_04-12",11,g209g5Vve6,11,LIT20
12,"Unit ES_04, Section ES_04-13",12,iyLqACAFyl,12,LIT28
13,"Unit ES_04, Section ES_04-14",13,l8kuAhlIWI,13,LIT31
14,"Unit ES_04, Section ES_04-15",14,QER9PsCgBT,14,LIT29
15,"Unit CTA1_10, Section CTA1_10-1",15,Ugr5eIIEf0,15,LIT27
16,"Unit CTA1_10, Section CTA1_10-2",16,XqBaV46VbC,16,LIT34
17,"Unit CTA1_10, Section CTA1_10-3",17,y8BlGe62E7,17,LIT33
18,"Unit CTA1_10, Section CTA1_10-4",18,yDO9pl8GC0,18,LIT32
19,"Unit CTA1_10, Section CTA1_10-5",19,0jSb6S70X1,19,LIT25
20,"Unit ES_07, Section ES_07-1",20,1to8tgu4IT,20,LIT25A
21,"Unit ES_07, Section ES_07-2",21,5LMy832c47,21,LIT37A
22,"Unit CTA1_01, Section CTA1_01-1",22,668lBbaKFE,22,LIT19A
23,"Unit CTA1_01, Section CTA1_01-2",23,6Ax4SKe470,23,LIT29A
24,"Unit CTA1_12, Section CTA1_12-1",24,6O31vedZbI,24,LIT36A
25,"Unit CTA1_12, Section CTA1_12-2",25,7oiAa7MlW2,25,LIT34A
26,"Unit CTA1_12, Section CTA1_12-3",26,879eYkR2Wu,26,LIT33A
27,"Unit CTA1_12, Section CTA1_12-4",27,8ZPoEJbXB7,27,LIT28A
28,"Unit ES_05, Section ES_05-1",28,9493h91NUB,28,LIT27A
29,"Unit ES_05, Section ES_05-2",29,AQfVkV1aEx,29,LIT30A
30,"Unit ES_05, Section ES_05-3",30,C18qWKq212,30,LIT54
31,"Unit ES_05, Section ES_05-4",31,F25axtfCKG,31,LIT58
32,"Unit ES_05, Section ES_05-5",32,PpTLi2Qz8E,32,LIT56
33,"Unit ES_05, Section ES_05-6",33,tB4vqSxzqo,33,LIT57
34,"Unit ES_05, Section ES_05-7",34,XNEgfvXx50,34,LIT60
35,"Unit ES_05, Section ES_05-8",35,0w3IAZa8rQ,35,LIT55
36,"Unit CTA1_14, Section CTA1_14-1",36,3hSu07XfGd,36,LDEMO_DIST_SP
37,"Unit CTA1_14, Section CTA1_14-2",37,6bJ4auIa8L,37,DIST06_SP
38,"Unit CTA1_14, Section CTA1_14-3",38,CaA0123UJL,38,DIST10_SP
39,"Unit CTA1_14, Section CTA1_14-4",39,ey9rvMnU57,39,REAL18_SP
40,"Unit LINEAR-INEQUALITY-GRAPHING, Section LINEAR-INEQUALITY-GRAPHING-1",40,M7hLaVJGvX,40,DIST09_SP
41,"Unit LINEAR-INEQUALITY-GRAPHING, Section LINEAR-INEQUALITY-GRAPHING-2",41,mNzo8mGzu9,41,DIST03_SP
42,"Unit CTA1_15, Section CTA1_15-1",42,z9svx3mA4s,42,DISTFB03_SP
43,"Unit CTA1_15, Section CTA1_15-2",43,34f4oB5Cod,43,DIST11_SP
44,"Unit CTA1_15, Section CTA1_15-3",44,39Uc7ru04l,44,DISTFB05_SP
45,"Unit QUAD-ADD-AREA-ALG1, Section QUAD-ADD-AREA-ALG1-1",45,589M2uPIY4,45,DISTFB01_SP
46,"Unit QUADRATICS-FACTORING_ES, Section QUADRATICS-FACTORING_ES-1",46,6dGeA2ZpO4,46,DISTFB04_SP
47,"Unit QUADRATICS-FACTORING_ES, Section QUADRATICS-FACTORING_ES-2",47,77y7iIIXuv,47,DISTFB06_SP
48,"Unit QUADRATICS-SOLVING_ES, Section QUADRATICS-SOLVING_ES-1",48,7RB2G4NbCn,48,DIST02_SP
49,"Unit QUAD-VERTICAL-MOTION, Section QUAD-VERTICAL-MOTION-1",49,9eV0EGVC6j,49,DISTFB07_SP
50,"Unit EXPT-PRODUCT-SIMP-A_ES, Section EXPT-PRODUCT-SIMPLIFYING-A_ES-1",50,c1zVCHxCEz,50,FOR08_SP
51,"Unit EXPT-PRODUCT-SIMP-A_ES, Section EXPT-PRODUCT-SIMPLIFYING-A_ES-2",51,f4fNYL73Z2,51,DIST04_SP
52,"Unit EXPT-PRODUCT-SIMP-A_ES, Section EXPT-PRODUCT-SIMPLIFYING-A_ES-3",52,Fx8d98DRud,52,DISTFB08_SP
53,"Unit EXPT-QUOTIENT-SIMP-A_ES, Section EXPT-QUOTIENT-SIMPLIFYING-A_ES-1",53,jR1rpwLHNu,53,DIST05_SP
54,"Unit EXPT-QUOTIENT-SIMP-A_ES, Section EXPT-QUOTIENT-SIMPLIFYING-A_ES-2",54,LM96hW22T2,54,LIT47
55,"Unit EXPT-QUOTIENT-SIMP-A_ES, Section EXPT-QUOTIENT-SIMPLIFYING-A_ES-3",55,oEt3YTvS4G,55,LIT51
56,"Unit CTA1_20, Section CTA1_20-1",56,q9Pk62y29S,56,LIT52
57,"Unit CTA1_20, Section CTA1_20-2",57,t0fI2c7EMH,57,LIT49
58,"Unit CTA1_21, Section CTA1_21-1",58,XJyS25Yg27,58,LIT51A
59,"Unit CTA1_21, Section CTA1_21-2",59,jbw83hRJZQ,59,LIT50A
60,"Unit CTA1_21, Section CTA1_21-3",60,13yR9KFHCI,60,LDEMO_WKST
61,"Unit CTA1_22, Section CTA1_22-1",61,1z5YH40155,61,BH1T22C
62,"Unit CTA1_01, Section CTA1_01-3",62,23T7Up1oQ6,62,RXMX1B
63,"Unit CTA1_02, Section CTA1_02-1",63,LIXD5c0lE5,63,BH1T24B
64,"Unit CTA1_02, Section CTA1_02-2",64,olyVui8lHe,64,BH1T17
65,"Unit ES_01, Section ES_01-1",65,SKThcG9N8q,65,LDEMO_SYS
66,"Unit ES_01, Section ES_01-2",66,VgP99sQ5jS,66,SYS03
67,"Unit ES_01, Section ES_01-3",67,xa6ovLs5IM,67,SYSFB17
68,"Unit ES_01, Section ES_01-4",68,075kbY53c1,68,SYS04
69,"Unit ES_01, Section ES_01-5",69,5cuKF3lL4D,69,SYSFB12
70,"Unit ES_01, Section ES_01-6",70,8eqtD31y66,70,SYSFB02
71,"Unit ES_01, Section ES_01-7",71,938jD6Z338,71,SYSFB21
72,"Unit ES_01, Section ES_01-8",72,c3Ee3W8hyq,72,SYS02
73,"Unit ES_01, Section ES_01-9",73,c8Gl35DPn4,73,SYSFB04
74,"Unit CTA1_04, Section CTA1_04-1",74,EV28POlwE4,74,SYSFB23
75,"Unit CTA1_04, Section CTA1_04-2",75,h0UbH181l8,75,EG5-FIXED
76,"Unit CTA1_04, Section CTA1_04-3",76,LnVZmUuwc8,76,EG43A
77,"Unit CTA1_04, Section CTA1_04-4",77,NZJd9Aq3De,77,EG42A
78,"Unit ES_02, Section ES_02-1",78,odPTXtfS78,78,EG43
79,"Unit ES_02, Section ES_02-2",79,OPv5PP9Bi4,79,EG42B
80,"Unit ES_02, Section ES_02-3",80,qL6HDg57R9,80,EG59A
81,"Unit ES_02, Section ES_02-4",81,Si4v9635O3,81,EG59
82,"Unit ES_02, Section ES_02-5",82,stK4H8Vit6,82,EG60
83,"Unit ES_02, Section ES_02-6",83,t4K5z0e2NZ,83,EG61
84,"Unit CTA1_13, Section CTA1_13-1",84,tlJn3I40bf,84,LDEMO_PTY
85,"Unit CTA1_06, Section CTA1_06-1",85,tyU2s0MBzm,85,1PTB02
86,"Unit CTA1_06, Section CTA1_06-2",86,X5eS5kvC8h,86,1PTFB11
87,"Unit CTA1_06, Section CTA1_06-3",87,y4Vg256UzB,87,IPCBABY
88,"Unit CTA1_06, Section CTA1_06-4",88,y5009rpZ12,88,1PTFB15
89,"Unit CTA1_06, Section CTA1_06-5",89,yB480DNZ70,89,1PTB07
90,"Unit ES_03, Section ES_03-1",90,z1iLCTB32T,90,IPCBASEBALL
91,"Unit ES_03, Section ES_03-2",91,50r4Tfl105,91,1PTFB14
92,"Unit ES_03, Section ES_03-3",92,5x5fHvFFLv,92,DEC05
93,"Unit ES_03, Section ES_03-4",93,8d194g9ccT,93,1PTFB13
94,"Unit ES_03, Section ES_03-5",94,EWHJMBPf94,94,1PTB09
95,"Unit ES_03, Section ES_03-6",95,s39qS245G2,95,1PTB03
96,"Unit ES_03, Section ES_03-7",96,1kKxS8urAH,96,2PTFB12
97,"Unit ES_03, Section ES_03-8",97,4pzSijxuK6,97,2PTS01
98,"Unit CTA1_08, Section CTA1_08-1",98,56dTCKdr74,98,2PTS02
99,"Unit CTA1_08, Section CTA1_08-2",99,81E41tTtV9,99,2PTFB15
100,"Unit CTA1_08, Section CTA1_08-3",100,84qYt0yA5y,100,2PTS08
101,"Unit ES_07, Section ES_07-3",101,88Uhb8760x,101,2PTFB10
102,"Unit ES_07, Section ES_07-4",102,8csPxY44OZ,102,LDEMO_PTPT
103,"Unit ES_07, Section ES_07-5",103,ajPRq0Q08b,103,TPH11
104,"Unit ES_07, Section ES_07-6",104,bcoY3s64sj,104,IPCCHEF
105,"Unit ES_06, Section ES_06-1",105,DS5ecUMGJi,105,IPCRETIREMENT
106,"Unit CTA1_24, Section CTA1_24-1",106,dvG32rxRzQ,106,1PTFB12
107,"Unit CTA1_25, Section CTA1_25-1",107,E38It7fjg0,107,IPCTURDUCKEN
108,"Unit CTA1_26, Section CTA1_26-1",108,gPaagaJ8aq,108,IPCEVEREST
109,"Unit CTA1_27, Section CTA1_27-1",109,Gwk4z777oU,109,TPH15
110,"Unit QuadLinearFuncTrans, Section QLFuncTrans1",110,i8f2gg51r5,110,TPH04
111,"Unit QuadLinearFuncTrans, Section QLFuncTrans2",111,k3jBd30ocz,111,2PTFB14
112,"Unit QuadLinearFuncTrans, Section QLFuncTrans3",112,l5eh0S53tB,112,2PTFB18
113,"Unit QuadLinearFuncTrans, Section QLFuncTrans4",113,LP15lX652E,113,YGTX-7
114,"Unit QuadLinearFuncTrans, Section QLFuncTrans5",114,mI0bEZaepz,114,YGE2X+7
115,"Unit QuadLinearFuncTrans, Section QLFuncTrans6",115,v52MhQAVT9,115,YLT-X-4
116,"Unit QuadLinearFuncTrans, Section QLFuncTrans7",116,XTXYl6nJ7J,116,4X-5YGT40
117,"Unit QuadLinearFuncTrans, Section QLFuncTrans8",117,yf2V5ll9mN,117,P-2X+5YGT10
118,"Unit QuadLinearFuncTrans, Section QLFuncTrans9",118,0GlR30c2Mt,118,P-3X-7YLE14
119,"Unit ES_02, Section ES_02-7",119,0U9x5pNv8t,119,P-2X+YLE9
120,"Unit ES_02, Section ES_02-8",120,12M70dm49w,120,2X+YGE6
121,"Unit QuadLinearFuncTrans, Section QLFuncTrans10",121,15V4J8fDs3,121,YLE-7X+20
122,"Unit QuadLinearFuncTrans, Section QLFuncTrans11",122,2AMmebFl86,122,YGE0
123,"Unit ES_05, Section ES_05-9",123,2J2SH6Fk63,123,XLT150
124,"Unit ES_05, Section ES_05-10",124,2rSW5fZ50h,124,XGE0
125,"Unit ES_05, Section ES_05-11",125,517LN52NOL,125,YLT250
126,"Unit ES_02, Section ES_02-9",126,5a5qA8VLfI,126,3X-YLT6
127,"Unit ES_02, Section ES_02-10",127,5yasLi1Avt,127,P-3X-YLT6
128,"Unit CTA1_12, Section CTA1_12-5",128,66Ak255E3j,128,YGT-2X
129,"Unit ES_05, Section ES_05-12",129,6jCygPdswz,129,YGT-4X-10
130,"Unit ES_04, Section ES_04-16",130,78t79xOebG,130,LDEMO_MSYS
131,"Unit CTA1_10, Section CTA1_10-6",131,7y5NJZ7S6u,131,SYSFB18
132,"Unit CTA1_12, Section CTA1_12-6",132,7YX78oEdjZ,132,SYSFB09
133,"Unit CTA1_02, Section CTA1_02-3",133,9QD9297moO,133,SYS18
134,"Unit CTA1_02, Section CTA1_02-4",134,EfN583275t,134,SYSFB14
135,"Unit CTA1_01, Section CTA1_01-4",135,Hd9GW3f95j,135,SYS05
136,"Unit ES_01, Section ES_01-10",136,hqew2E2l61,136,SYSFB10
137,"Unit ES_01, Section ES_01-11",137,l8bH01vT7z,137,NEWSQUARE1TRE
,,138,UJCeB1hbie,138,NEWSQUARE4TRE
,,139,uYf5028a75,139,NEWSQUARE7TRE
,,140,XL0eQIoG72,140,NEWSQUARE8TRE
,,141,yuB6nxh3FX,141,EG-FACTOR01
,,142,02i5jCrfQK,142,EG-FACTOR05
,,143,02ZjVTxC34,143,EG-FACTOR11
,,144,0KS4yy9G96,144,EG-FACTOR18
,,145,1CI7f2R98c,145,EG-FACTOR04
,,146,4k3099QrCN,146,EG-FACTOR03
,,147,D1VwdFc01t,147,EG-FACTOR17
,,148,FrPh305pw8,148,EG-FACTOR06
,,149,ftgrG3jT2m,149,EG-FACTOR19
,,150,m64Rgy40OF,150,EG-FACTOR15
,,151,nxe3l4KD0z,151,EG-FACTOR09
,,152,rPj8YeG1I5,152,EG-FACTOR12
,,153,s19Mo891H5,153,EG-FACTOR14
,,154,saNy7ix5ZY,154,EG-FACTOR16
,,155,V2p98HHF6o,155,EG-FACTOR13
,,156,vpuUyzUJ0z,156,EG-FACTOR08
,,157,Wi92e1D7bp,157,EG-FACTOR02
,,158,wY56ZI2gyL,158,EG-FACTOR20
,,159,2IaH8665Ha,159,EG-FACTOR07
,,160,4NQzySrw2C,160,EG-FACTOR10
,,161,5VZLSGPT10,161,EG-FACTOR21
,,162,8gH5u019ZH,162,EG-FACTOR25
,,163,apCLF0uF21,163,EG-S-FACTOR01
,,164,bt0ZuHaCGY,164,EG-S-FACTOR23
,,165,CZDz8OSRfI,165,EG-S-FACTOR22
,,166,dTIQk6Xt3r,166,EG-S-FACTOR26
,,167,Ij894m7u4j,167,EG-S-FACTOR30
,,168,m58s5oOZCm,168,EG-S-FACTOR28
,,169,MPqJdqnPtc,169,EG-S-FACTOR29
,,170,PE6x6PxZ42,170,EG-S-FACTOR27
,,171,Ru21xRreim,171,EG-S-FACTOR07
,,172,SoEcLAeJi1,172,EG-S-FACTOR09
,,173,UmsZ3gHcg7,173,EG-S-FACTOR18
,,174,X223hIsDU4,174,EG-S-FACTOR06
,,175,X4ZaxfDz3Q,175,EG-S-FACTOR02
,,176,YNGlv7F45C,176,EG-S-FACTOR04
,,177,ZP886G3Z76,177,EG-S-FACTOR14
,,178,11fnXrq9Jf,178,EG-S-FACTOR12
,,179,1bJbgQ32E3,179,EG-S-FACTOR10
,,180,242fhbKRf9,180,NEWQUAD1TRE
,,181,31ApG55XoV,181,NEWQUAD2TRE
,,182,3C1dH8H8v3,182,NEWQUAD4TRE
,,183,45TTYcotWk,183,NEWQUAD5TRE
,,184,4X3016rdOZ,184,NEWQUAD6TRE
,,185,80nlN05JQ6,185,NEWQUAD7TRE
,,186,9EAa0nJjb1,186,NEWQUAD11TRE
,,187,Dmq6441349,187,EG-EPS04-FIXED
,,188,e7uv9PqtYY,188,EG-EPS06
,,189,eD0u9WOep7,189,EG-EPS05
,,190,EpDb06UO89,190,EG-EPS04
,,191,f45jOmRd4S,191,EG-EPS07
,,192,HvghFVBS5v,192,EG-EPS09
,,193,hwF4tyWU50,193,EG-EPS08
,,194,IQ98biy227,194,EG-EPS01-FIXED
,,195,OS2vxzjz6W,195,EG-EPS02
,,196,QS4cvQ8w0o,196,EG-EPS03
,,197,Qwq8d0du28,197,EG-EPS01
,,198,USdRVl9AOe,198,EG-EQS04-FIXED
,,199,276487SwvF,199,EG-EQS06
,,200,4ajdr1a4Kc,200,EG-EQS04
,,201,dc35t0IQHq,201,EG-EQS05
,,202,Dp4If8jfOp,202,EG-EQS09
,,203,f9PBq9q8jq,203,EG-EQS08
,,204,IIP2AV0W1Y,204,EG-EQS07
,,205,qN6WN7C097,205,EG-EQS01-FIXED
,,206,3EWyQLUo83,206,EG-EQS02
,,207,443ptPwtPd,207,EG-EQS03
,,208,4tR4H9u4Zn,208,EG-EQS01
,,209,5g8708DBB0,209,IPCSWIMMING
,,210,6s8DOcciCW,210,1PTB05
,,211,74ouxlq51o,211,2PTS03
,,212,8MG4r9aMdu,212,1PTFB16
,,213,bnNE2RRUsd,213,2PTS06
,,214,HOjPAm59jv,214,2PTFB11
,,215,MMecgbY11h,215,2PTS07
,,216,nOkrXE4gnk,216,1PTB08
,,217,oeTCjHG37z,217,IPCSNOW
,,218,S2KFxgwMsH,218,IPCPAIGE
,,219,TF9ADS4g8k,219,2PTFB19
,,220,u004wY493z,220,2PTFB22
,,221,w33QZ9Q64W,221,2PTFB20
,,222,x64anap2Kz,222,BH1T09
,,223,z2VBXzb65e,223,BH1T12
,,224,12ss7J5ug6,224,BH1T14
,,225,K8b2FfNFdp,225,BH1T25
,,226,Kt1mv62gCP,226,NOV09
,,227,VHCF3iE0a4,227,NOV11
,,228,zfYl0YECr0,228,NOV06
,,229,7rP4RofmNF,229,BH1T49
,,230,B7l5Zfxxu6,230,PROP17
,,231,C8Uu3Cd2YK,231,FEB12
,,232,Dl62lXJbK1,232,DEC06
,,233,eZRzEYP9oJ,233,NOV14
,,234,h9Tx9ulI5Q,234,FEB07
,,235,jXc985G8qy,235,JAN07
,,236,K4IIshw37g,236,SYS19
,,237,rnOGP59582,237,SYSFB08
,,238,YWe8V668Uz,238,SYSFB13
,,239,0w8srd7i18,239,SYSFB19
,,240,5rwOvj7Gu3,240,SYSFB15
,,241,6EjPt2xgrB,241,SYSFB07
,,242,9aw67h1Z47,242,SYSFB20
,,243,9FFmzviIHD,243,SYS08
,,244,GD16TzL1x4,244,BH1T22B
,,245,P5t2zh16z0,245,RXMX1A
,,246,pgHmAyjLe1,246,BH1T24C
,,247,pI9Tpj13ty,247,BH1T17A
,,248,PRr0oy2KyT,248,BH1T26A
,,249,qkmLNnC7YU,249,BH1T30
,,250,R440Y09vu3,250,BH1T28C
,,251,tLgc420s9N,251,BH1T27A
,,252,Uml72Q91Du,252,BH1T33A
,,253,ySs2g6X4Jx,253,REAL20
,,254,5gtqSDwEt1,254,L3NOV07B
,,255,68xd8R3v7U,255,BH1T19B
,,256,8fyjxTqDpQ,256,DEC03B
,,257,90o991hXMa,257,LDEMO_GRPH
,,258,B5VRXIQ2Ji,258,BH1T23
,,259,biX0v423q0,259,BH1T35
,,260,D431zXkvuC,260,NEWS01A
,,261,Fe9oJAU48c,261,NOV04A
,,262,kh6j72S63h,262,REAL17
,,263,P5w9xdB3VM,263,BH1T21A
,,264,pg8uPBYamG,264,EG1-FIXED
,,265,PSEDQ6XC7U,265,EG3
,,266,ub1y4M34bR,266,EG2
,,267,wwV3RhdO1l,267,EG1
,,268,YEEpIp3429,268,EG4
,,269,yG447121nm,269,EG7
,,270,2x0Z9q6jD0,270,EG5
,,271,45oTz6NVkr,271,EG7C
,,272,7gJUbn9s1V,272,EG6
,,273,Bp1ZMF9Z0G,273,EG7B
,,274,dD5k5322J5,274,EG5C
,,275,skGr9HCmqv,275,EG11
,,276,5ddRYL0LBA,276,EG8C
,,277,9NY3vclR8e,277,EG5A
,,278,cbgx682J78,278,EG11B
,,279,cua2tdf6zb,279,EG6C
,,280,dD0vTK3gXD,280,EG11A
,,281,Dk2tRopWQ3,281,EG11C
,,282,f1924U65I1,282,EG6B
,,283,LQDsuDw2tX,283,EG5B
,,284,XBhl87k165,284,EG8
,,285,z2zuhnARi6,285,EG14
,,286,DRKr1AyP0r,286,EG15
,,287,jxlpSn00qm,287,EG16A
,,288,o0Q2M0X487,288,EG13
,,289,wRE6vq194f,289,EG14A
,,290,16zN4n2fFO,290,EG15A
,,291,183ppvOXp8,291,EG21
,,292,35F52CG565,292,EG22
,,293,41qrfb88lU,293,EG23
,,294,5AhC6ORULJ,294,EG25
,,295,5SXHhHKGxC,295,EG24
,,296,5yM8I4Uut9,296,EG26
,,297,a0Q6RZpO47,297,LDEMO_WSLVR
,,298,a47O44klh3,298,BH1T36C
,,299,b4NIYojEYn,299,REAL13
,,300,ck0GIf31rJ,300,BH1T10C
,,301,d6MRvZi66J,301,BH1T31C
,,302,Gg6mCdOk6I,302,PERCENT01A
,,303,H5p2L3L4hU,303,EMX03C
,,304,jx1ndu85oq,304,BH1T41
,,305,m9a501e1MM,305,DEC01
,,306,OW11c44gy1,306,L2FB15
,,307,oXgtQylYoP,307,PERCENT14C
,,308,R62GeR4qce,308,L5FB04B
,,309,vzYx9SZ29x,309,EG2-FIXED
,,310,6pfp3D515O,310,EG31
,,311,fTCaypQv7J,311,EG30
,,312,h4N48ldyLn,312,EG28
,,313,k37lfl6ENf,313,EG29
,,314,0u17bw7v7w,314,EG35C
,,315,3008m5T78s,315,EG34B
,,316,3k85qY4Y2B,316,EG34A
,,317,448d2Kv3hw,317,EG33B
,,318,8FcKH1d6A2,318,EG32
,,319,c7A4cZK28M,319,EG35
,,320,dVqVsN8nD8,320,EG32A
,,321,E5GMl7289p,321,EG35B
,,322,EaUoBdvBdC,322,EG34
,,323,EE579r50K3,323,EG35A
,,324,JrJt3mY6Ls,324,EG34C
,,325,jw3jOU9C8I,325,PROP04
,,326,lY4W105RGi,326,PROP08
,,327,WmIXxzmmD3,327,PROP05
,,328,XUwJ9E07Zd,328,PROP07
,,329,YH4M65c5kP,329,PROP03
,,330,229ciAoz51,330,PROP12
,,331,63r5Aj4EeB,331,PROP09
,,332,654Dd1132b,332,PROP01
,,333,6GOYcFMPF2,333,LDEMO_4QGRPH
,,334,7H6yD0xNNn,334,BH1T20
,,335,bw71rBaKg5,335,FEB11
,,336,c6LS9kDJe1,336,L5FB16
,,337,j09c45Q1NN,337,JAN03
,,338,L24St09aez,338,BH1T44
,,339,N4Ab8Bvj98,339,FEB04
,,340,oqL48822V2,340,BH1T40
,,341,Zxu8oS1jJ2,341,FEB13
,,342,8r7mHkuKX9,342,JAN05
,,343,eqyJr5jsoU,343,JAN06
,,344,Exz0X2naK1,344,FOR05
,,345,K46aEi2Oi7,345,L6FB07
,,346,KiDu7A3iD8,346,BH1T48
,,347,O46hm6g2nf,347,BH1T52
,,348,O4PQ25r2dR,348,BH1T51
,,349,wkQxI30ZH6,349,L6FB19
,,350,XrH5AAPdtj,350,JAN09
,,351,12ws2Vy47j,351,L6FB18
,,352,5Q69X4zFkC,352,FBSMR1
,,353,6d2wZ1x370,353,EG3-FIXED
,,354,i5dD6Xy8jL,354,EG45A
,,355,ljX78ko847,355,EG46
,,356,nybp7zY98z,356,EG47A
,,357,q1Yar3mIhE,357,EG46A
,,358,Qb2LYvN3zF,358,EG47
,,359,QDsPNlZ5i1,359,EG49
,,360,vkQ059OE0u,360,EG48
,,361,WD2Q7495E0,361,EG50A
,,362,YvD7H8XduF,362,EG48A
,,363,0YvZonpLW8,363,EG49A
,,364,162lfGskK2,364,EG50
,,365,40ARhM4nkF,365,EG52A
,,366,5S2tY93Oo1,366,EG53A
,,367,7esK30uHH1,367,EG51
,,368,DZXDgO0B3u,368,EG53
,,369,e5Ef9RFIF0,369,EG51A
,,370,h31E235Th5,370,EG52
,,371,H4UD7rojkA,371,LIT11
,,372,hK3QE3xOF8,372,LIT10
,,373,kKr8NG7YNL,373,LIT13
,,374,mt4GxUF641,374,LIT17
,,375,Ud9p3KH6Bv,375,LIT6
,,376,UO70mRwd30,376,LIT18
,,377,XHm4u4Y8OU,377,LIT4
,,378,49kt2kaD8d,378,LIT2
,,379,7rezIYMwkp,379,LIT7
,,380,A89Fye6g1o,380,LIT12
,,381,dq0JPbG008,381,LIT2A
,,382,E97430334J,382,LIT13A
,,383,FD5m13We02,383,LIT17A
,,384,GlZwe88Gzo,384,LIT10A
,,385,gUgPjz2364,385,LDEMO_MBGRPH
,,386,SOs6B7rb1m,386,REAL30
,,387,XT7r2I6hmm,387,L1FB13
,,388,y8U9Hdz4E3,388,JAN01
,,389,04N6FdP4pd,389,FEB03
,,390,45euP7C062,390,DEMO_8
,,391,46K8Eq75fJ,391,L3_DEMO
,,392,4EUt9uDfjG,392,REAL31
,,393,6Kbx2aEeUm,393,REAL00
,,394,CEA35ELhs4,394,FEB09
,,395,GBwY1iQUSw,395,FEB02
,,396,MrZ99Q697y,396,BH1T04
,,397,N1K15JE4tN,397,DEC04
,,398,NnA4UfdJ5k,398,LIT35
,,399,p5CPTG2423,399,LIT22
,,400,PhzyUqi1yE,400,LIT30
,,401,s3u68VfdSa,401,LIT53
,,402,Vc0J7iVot4,402,LIT50
,,403,x47TgqKQDL,403,LIT49A
,,404,xH487WMLoS,404,LIT53A
,,405,0493L6bGa9,405,LIT65
,,406,0ccXSz8Bk8,406,LIT63
,,407,0nF0z1401O,407,LIT67
,,408,46vx97eEK0,408,LIT69
,,409,6ghrwY35fW,409,LIT62
,,410,740FTSQ19O,410,LIT64
,,411,b4WRCgbjkN,411,LIT68
,,412,GBp6LkJ9VA,412,LIT66
,,413,l1L9ZwV1KO,413,LIT70
,,414,QQTAp3k3UP,414,LIT65A
,,415,qvGwtJZv09,415,LIT70A
,,416,R398qG76GC,416,LIT67A
,,417,RajLsf9Q1z,417,LIT66A
,,418,s9O034dIc4,418,LIT68A
,,419,txnqGG764s,419,LIT62A
,,420,xp1bjD93G3,420,LIT63A
,,421,081u59Iq1D,421,LIT69A
,,422,1DlUV9t495,422,LIT64A
,,423,93YVE85s1x,423,LIT72
,,424,9iQ6dU8Ooj,424,LIT73
,,425,auW9kr3fh6,425,LIT82
,,426,BpYaFX7hkQ,426,LIT71
,,427,Ds3B2dRQo8,427,LIT81
,,428,i1pw14pRDH,428,LIT74
,,429,JU5Ms0pxvu,429,LIT79
,,430,MCA1W52H2T,430,LIT77
,,431,RwM69ocq8e,431,LIT75
,,432,t3dx1x27e1,432,LIT80
,,433,Uv4cSe2ijd,433,LIT76
,,434,Vu26QoCms4,434,LIT83
,,435,w5famqnV15,435,LIT72A
,,436,xAI3938h9t,436,LIT79A
,,437,YtB3X13RXe,437,LIT81A
,,438,ZufpT349IL,438,LIT82A
,,439,55jl7IFg3z,439,LIT77A
,,440,562xzTNuI6,440,LIT74A
,,441,6e1627evYc,441,LIT75A
,,442,GVw1FC32GS,442,LIT80A
,,443,i0FfLG15di,443,LIT83A
,,444,merKN5i5Of,444,LIT78A
,,445,OCmTg4ha6w,445,PROP02
,,446,st945Ucdi6,446,FEB05
,,447,u08WLS2awz,447,L6FB08
,,448,1793z4bHHR,448,DEC02
,,449,1wJ0kz1I0l,449,EG45
,,450,694Y3fju01,450,NOV13
,,451,6A16l70g5Q,451,PERCENT12
,,452,971l4W5kQs,452,L5FB02
,,453,9Ydzn1ubPe,453,REAL10
,,454,D4md1bS6DC,454,LIT48
,,455,dN4g3pRdSO,455,LIT52A
,,456,N6wWxh9CL4,456,LIT47A
,,457,QUcO70Q91P,457,LIT48A
,,458,zBpW3sqPf6,458,2PTFB16
,,459,Zl09dc50NB,459,2PTFB13
,,460,zUlk9c7UEv,460,YLEX+7
,,461,pXs7s2k8Jv,461,YLT3X+5
,,462,XkcoMK8tfF,462,YLT2X-5
,,463,zStzz3DlD1,463,YGE4X-11
,,464,1k3GIfwBw6,464,SYS06
,,465,3v8ytbUoc6,465,NEWSQUARE5TRE
,,466,7tV3w3qB6t,466,EG-FACTOR47
,,467,ctVOdq1wnp,467,EG-FACTOR28
,,468,DykSLZf35a,468,EG-S-FACTOR21
,,469,F9WJ1RKM4L,469,EG-S-FACTOR15
,,470,hgivhSMgnH,470,EG-S-FACTOR13
,,471,i5Y9A05Ph8,471,EG-S-FACTOR20
,,472,j0D7C5VG29,472,EG-S-FACTOR11
,,473,k4gaj1r2bT,473,EG-S-FACTOR08
,,474,LjgZcY49TV,474,EG-S-FACTOR16
,,475,m5MmtPWHdr,475,EG-S-FACTOR19
,,476,Q0Fp6Da7G1,476,EG-S-FACTOR17
,,477,rE6U5574qn,477,NEWQUAD3TRE
,,478,Rl6LafSUXj,478,1PTFB10
,,479,TAw598sUia,479,JAN08
,,480,zb6H17h1Dc,480,EG6-FIXED
,,481,233EMC2k7k,481,EG63A
,,482,2kb387yOiG,482,EG63
,,483,38a8p8Zl0z,483,NOV05
,,484,3g1Pl94peh,484,L3REAL45
,,485,4u483r4C0S,485,L5FB05
,,486,7cEjwssz1R,486,PROP16
,,487,7N07jFgyQJ,487,REAL06
,,488,9Bj19ocQBw,488,PERCENT07
,,489,doWQeQ3VZC,489,FOR01
,,490,jdT9cZAxyb,490,BH1T50
,,491,JL3J46dUrn,491,PROP11
,,492,rA9d62o2bb,492,PERCENT09
,,493,uz40H610bF,493,REAL33
,,494,W0f661D7Zp,494,REAL36
,,495,wwSQeRjs22,495,L3JAN02
,,496,wz0V4oY4Z2,496,BH1T03
,,497,y2Z0J1858D,497,REAL25
,,498,Y5XkapASsg,498,NEWS02
,,499,YoXjDl010q,499,BH1T38
,,500,1hQzlO49di,500,PROP15
,,501,1Nf2932GeH,501,L5FB17
,,502,7a0Ziet39H,502,BH1T06
,,503,7XQtQA55O7,503,PERCENT11
,,504,9TvPity5px,504,BH1T13
,,505,a43DzeQWut,505,REAL01
,,506,Fm7ESoRh9v,506,REAL05
,,507,lKsX609E6x,507,PERCENT02
,,508,o2mSq0vQ50,508,PROP18
,,509,oWh48s12mR,509,PERCENT17
,,510,PrH19Z5q87,510,REAL16
,,511,PUH9Se529L,511,L3REAL12
,,512,PUu32klgfP,512,JAN14
,,513,S833Nk9r71,513,DIST01
,,514,Un24RpQEWg,514,PROP19
,,515,0ZroSLGL09,515,PROP14
,,516,3Whv9UbPsR,516,FOR06A
,,517,7d9J30iOq8,517,PERCENT16
,,518,8mKdvKlPOw,518,REAL02
,,519,cx5L3UEvoR,519,BH1T18
,,520,k71nQKqIB3,520,PERCENT10
,,521,LQm0n9F5e0,521,TRANSFORMV001
,,522,Mhc6xUn6X1,522,TRANSFORMV007
,,523,O4YDV4XPTd,523,TRANSFORMV012
,,524,On0ILT6rt5,524,TRANSFORMV003
,,525,oSV25Eb2y9,525,TRANSFORMV006
,,526,QjpdTxl6ce,526,TRANSFORMV010
,,527,Rz2qkM4015,527,TRANSFORMV005
,,528,S7E3jvZbGG,528,TRANSFORMV002
,,529,TQ0ahWNcZ9,529,TRANSFORMV004
,,530,U50h3ZFmGt,530,TRANSFORMG002
,,531,wu58ARZBA2,531,TRANSFORMG005
,,532,yA79w15tnU,532,TRANSFORMG001
,,533,YgQ57c2glM,533,TRANSFORMG008
,,534,5ZR29q8c56,534,TRANSFORMG009
,,535,68gXsA3M68,535,TRANSFORMG006
,,536,6c2Im3PZdL,536,TRANSFORMA010
,,537,7o7172ufx2,537,TRANSFORMA008
,,538,8cSO1GK90W,538,TRANSFORMA012
,,539,Axp5cwW7T8,539,TRANSFORMA011
,,540,D08sSQFrq3,540,TRANSFORMG013
,,541,J76B3lyQG9,541,TRANSFORMG014
,,542,l0KpN7IKom,542,TRANSFORMG015
,,543,LmiEiGqx5x,543,TRANSFORMG016
,,544,NX8N2fJ630,544,TRANSFORMG017
,,545,OPY2Zd6SNl,545,TRANSFORMG018
,,546,SH1cSNDIA8,546,TRANSFORMG019
,,547,T4367PFG7C,547,TRANSFORMG028
,,548,U9iFacSl34,548,TRANSFORMG024
,,549,UEArk7W20r,549,TRANSFORMG027
,,550,verm1Wp12u,550,TRANSFORMG026
,,551,XGFd357i6u,551,TRANSFORMG022
,,552,29U6L12O3k,552,TRANSFORMG020
,,553,2HCz3wr27b,553,TRANSFORMG025
,,554,42FRuGgL06,554,TRANSFORMA024
,,555,8a0vIMw4At,555,TRANSFORMA022
,,556,C0qLCIhI0O,556,TRANSFORMA018
,,557,cI0EPqbE61,557,TRANSFORMA021
,,558,CsX7j87xZ7,558,TRANSFORMA016
,,559,DkXJps09H6,559,TRANSFORMA033
,,560,E1PaKK3181,560,TRANSFORMA034
,,561,e95f4UtF4I,561,TRANSFORMV023
,,562,emTkxI1340,562,TRANSFORMA036
,,563,EWo6L00OAS,563,TRANSFORMG039
,,564,gv1l9iqcam,564,TRANSFORMG035
,,565,HujcxU5LVb,565,TRANSFORMG038
,,566,JP20cryBg8,566,TRANSFORMV027
,,567,N18G8VLF9v,567,TRANSFORMA046
,,568,nA15DeLBE1,568,TRANSFORMA045
,,569,pVG9cgOpCR,569,TRANSFORMV033
,,570,w0FMzJORlK,570,TRANSFORMV028
,,571,1iPV6aca5w,571,TRANSFORMV026
,,572,66l1WHbu0M,572,TRANSFORMA037
,,573,IQQo3367x0,573,TRANSFORMV032
,,,,574,TRANSFORMV031
,,,,575,TRANSFORMV034
,,,,576,TRANSFORMA044
,,,,577,TRANSFORMV025
,,,,578,TRANSFORMV030
,,,,579,TRANSFORMA038
,,,,580,TRANSFORMA043
,,,,581,TRANSFORMA041
,,,,582,TRANSFORMA042
,,,,583,TRANSFORMV029
,,,,584,TRANSFORMG055
,,,,585,TRANSFORMG042
,,,,586,TRANSFORMG056
,,,,587,TRANSFORMG052
,,,,588,TRANSFORMG047
,,,,589,TRANSFORMG046
,,,,590,TRANSFORMG048
,,,,591,TRANSFORMG050
,,,,592,TRANSFORMG054
,,,,593,TRANSFORMG053
,,,,594,TRANSFORMG045
,,,,595,TRANSFORMG043
,,,,596,TRANSFORMG041
,,,,597,TRANSFORMG051
,,,,598,TRANSFORMG049
,,,,599,TRANSFORMG044
,,,,600,TRANSFORMN014
,,,,601,TRANSFORMN015
,,,,602,TRANSFORMN016
,,,,603,TRANSFORMN010
,,,,604,TRANSFORMN013
,,,,605,TRANSFORMN008
,,,,606,TRANSFORMN006
,,,,607,TRANSFORMN004
,,,,608,TRANSFORMN009
,,,,609,TRANSFORMN005
,,,,610,TRANSFORMN012
,,,,611,TRANSFORMN001
,,,,612,TRANSFORMN002
,,,,613,TRANSFORMN007
,,,,614,TRANSFORMN003
,,,,615,TRANSFORMN011
,,,,616,EG32B
,,,,617,EG36
,,,,618,EG33
,,,,619,EG33C
,,,,620,EG32C
,,,,621,EG33A
,,,,622,EG41
,,,,623,PROP06
,,,,624,PROP10
,,,,625,L6FB06
,,,,626,FEB01
,,,,627,FEB08
,,,,628,REAL37
,,,,629,LIT36
,,,,630,LIT21
,,,,631,LIT26
,,,,632,LIT23
,,,,633,LIT37
,,,,634,LIT46
,,,,635,LIT24
,,,,636,LIT22A
,,,,637,LIT23A
,,,,638,LIT32A
,,,,639,RXMX1
,,,,640,YGT5X+12
,,,,641,SYS09
,,,,642,EG-S-FACTOR05
,,,,643,NEWQUAD8TRE
,,,,644,NEWQUAD9TRE
,,,,645,NEWQUAD10TRE
,,,,646,1PTFB18
,,,,647,FOR02
,,,,648,PERCENT15
,,,,649,DEC07
,,,,650,TRANSFORMV008
,,,,651,TRANSFORMG003
,,,,652,TRANSFORMG007
,,,,653,TRANSFORMA005
,,,,654,TRANSFORMA001
,,,,655,TRANSFORMA013
,,,,656,TRANSFORMA023
,,,,657,TRANSFORMA020
,,,,658,TRANSFORMA014
,,,,659,TRANSFORMA035
,,,,660,TRANSFORMV022
,,,,661,TRANSFORMG040
,,,,662,TRANSFORMA039
,,,,663,TRANSFORMG064
,,,,664,TRANSFORMA053
,,,,665,TRANSFORMA050
,,,,666,TRANSFORMG059
,,,,667,TRANSFORMG058
,,,,668,TRANSFORMA054
,,,,669,TRANSFORMV036
,,,,670,TRANSFORMA052
,,,,671,TRANSFORMN029
,,,,672,TRANSFORMN020
,,,,673,TRANSFORMN032
,,,,674,TRANSFORMN026
,,,,675,TRANSFORMN031
,,,,676,TRANSFORMN030
,,,,677,TRANSFORMN028
,,,,678,TRANSFORMN025
,,,,679,TRANSFORMN018
,,,,680,TRANSFORMN019
,,,,681,TRANSFORMN017
,,,,682,TRANSFORMN027
,,,,683,TRANSFORMN024
,,,,684,TRANSFORMN022
,,,,685,BH1T07
,,,,686,JAN12
,,,,687,LIT19
,,,,688,LIT24A
,,,,689,P-2X-2YGE9
,,,,690,L3FB01
,,,,691,L3REAL21
,,,,692,EG42
,,,,693,EG62
,,,,694,EG62A
,,,,695,LIT44
,,,,696,LIT88
,,,,697,LIT38
,,,,698,LIT39
,,,,699,LIT86
,,,,700,LIT84
,,,,701,LIT89
,,,,702,LIT87
,,,,703,YLE-3X-13
,,,,704,X-3YGE20
,,,,705,7X-4YGE15
,,,,706,SYS07
,,,,707,SYSFB06
,,,,708,NEWSQUARE2TRE
,,,,709,EG-S-FACTOR03
,,,,710,2X+3YGT9
,,,,711,EG-FACTOR42
,,,,712,EG-FACTOR26
,,,,713,EG-FACTOR34
,,,,714,EG-S-FACTOR24
,,,,715,1PTB04
,,,,716,EG44
,,,,717,BH1T43
,,,,718,BH1T42
,,,,719,FBSMR3
,,,,720,FBSMR2
,,,,721,BH1T22A
,,,,722,RXMX1C
,,,,723,BH1T24A
,,,,724,EG-S-FACTOR25
,,,,725,TRANSFORMA006
,,,,726,TRANSFORMA002
,,,,727,TRANSFORMG021
,,,,728,TRANSFORMG023
,,,,729,TRANSFORMA015
,,,,730,TRANSFORMV020
,,,,731,TRANSFORMV021
,,,,732,TRANSFORMV024
,,,,733,TRANSFORMA032
,,,,734,EG-FACTOR24
,,,,735,EG-FACTOR30
,,,,736,EG-FACTOR39
,,,,737,EG-FACTOR46
,,,,738,2PTFB21
,,,,739,BH1T45
,,,,740,PSNPOLEVAULT
,,,,741,TOYSALES
,,,,742,DEMO_5
,,,,743,L3REAL50
,,,,744,BH1T24
,,,,745,REAL29
,,,,746,BH1T37
,,,,747,FOR06
,,,,748,TRANSFORMG012
,,,,749,TRANSFORMG010
,,,,750,TRANSFORMG004
,,,,751,TRANSFORMG011
,,,,752,TRANSFORMA003
,,,,753,TRANSFORMA004
,,,,754,TRANSFORMA007
,,,,755,TRANSFORMA019
,,,,756,TRANSFORMA017
,,,,757,TRANSFORMA031
,,,,758,TRANSFORMA040
,,,,759,LIT15
,,,,760,SYSFB22
,,,,761,SYSFB05
,,,,762,EG42C
,,,,763,LIT5
,,,,764,LIT42
,,,,765,LIT85
,,,,766,LIT46A
,,,,767,LIT31A
,,,,768,LIT59
,,,,769,LIT57A
,,,,770,DISTFB11_SP
,,,,771,LIT41
,,,,772,SYSFB25
,,,,773,SYSFB24
,,,,774,SYSFB11
,,,,775,LIT26A
,,,,776,LIT20A
,,,,777,LIT21A
,,,,778,DISTFB10_SP
,,,,779,BH1T30C
,,,,780,BH1T28
,,,,781,BH1T27
,,,,782,BH1T33B
,,,,783,REAL20A
,,,,784,BH1T19A
,,,,785,JAN11A
,,,,786,BH1T34A
,,,,787,BH1T23B
,,,,788,BH1T35B
,,,,789,BH1T39B
,,,,790,L3NOV10C
,,,,791,L3NOV12B
,,,,792,BH1T29A
,,,,793,REAL19A
,,,,794,L2FB14C
,,,,795,EG7A
,,,,796,EG8B
,,,,797,EG6A
,,,,798,EG13A
,,,,799,EG16
,,,,800,BH1T36
,,,,801,REAL13A
,,,,802,BH1T10B
,,,,803,BH1T31
,,,,804,PERCENT01B
,,,,805,BH1T41C
,,,,806,BH1T47A
,,,,807,NEWSQUARE3TRE
,,,,808,EG-FACTOR50
,,,,809,BH1T15C
,,,,810,BH1T08
,,,,811,RXMX_2C
,,,,812,BH1T33
,,,,813,L3NOV07C
,,,,814,L5FB03A
,,,,815,JAN11
,,,,816,DEC03A
,,,,817,BH1T34B
,,,,818,REAL32A
,,,,819,L1FB12B
,,,,820,JAN04B
,,,,821,JAN13A
,,,,822,BH1T23A
,,,,823,BH1T35C
,,,,824,REAL17C
,,,,825,BH1T21C
,,,,826,BH1T39
,,,,827,L3NOV10B
,,,,828,BH1T29
,,,,829,EG8A
,,,,830,BH1T36B
,,,,831,REAL13C
,,,,832,PERCENT05A
,,,,833,PERCENT01C
,,,,834,EMX03A
,,,,835,BH1T41A
,,,,836,DEC01A
,,,,837,L5FB04C
,,,,838,EG37C
,,,,839,LIT11A
,,,,840,LIT6A
,,,,841,LIT5A
,,,,842,LIT76A
,,,,843,SYSFB03
,,,,844,EG-FACTOR35
,,,,845,EG-FACTOR48
,,,,846,EG-FACTOR43
,,,,847,1PTFB17
,,,,848,1PTB06
,,,,849,REAL35
,,,,850,DEMO_10
,,,,851,FEB06
,,,,852,BH1T17C
,,,,853,BH1T26C
,,,,854,BH1T35A
,,,,855,NOV04
,,,,856,REAL17B
,,,,857,BH1T39A
,,,,858,L3NOV12A
,,,,859,BH1T31B
,,,,860,PERCENT01
,,,,861,EMX03B
,,,,862,BH1T02A
,,,,863,PERCENT05B
,,,,864,PERCENT04A
,,,,865,BH1T41B
,,,,866,DEC01B
,,,,867,EG39B
,,,,868,EG38A
,,,,869,EG39C
,,,,870,PROP13
,,,,871,LIT40
,,,,872,EG-FACTOR27
,,,,873,FOR07
,,,,874,REAL27
,,,,875,TRANSFORMV019
,,,,876,TRANSFORMG061
,,,,877,TRANSFORMV042
,,,,878,TRANSFORMV040
,,,,879,TRANSFORMA049
,,,,880,TRANSFORMA047
,,,,881,EG-FACTOR32
,,,,882,EG-FACTOR23
,,,,883,EG-FACTOR45
,,,,884,SYS01
,,,,885,SYS10
,,,,886,FOR06C
,,,,887,TRANSFORMA009
,,,,888,TRANSFORMG036
,,,,889,TRANSFORMV041
,,,,890,EG-FACTOR38
,,,,891,PERCENT18
,,,,892,PERCENT08
,,,,893,TRANSFORMV011
,,,,894,TRANSFORMV009
,,,,895,RXMX_3A
,,,,896,BH1T33C
,,,,897,L5FB03C
,,,,898,REAL20B
,,,,899,REAL32C
,,,,900,L1FB12C
,,,,901,JAN04C
,,,,902,L3NOV10A
,,,,903,L3NOV12C
,,,,904,EG27
,,,,905,BH1T10A
,,,,906,PERCENT04C
,,,,907,BH1T02
,,,,908,BH1T32
,,,,909,EG-FACTOR36
,,,,910,EG-FACTOR41
,,,,911,BH1T22
,,,,912,EMX04
,,,,913,REAL20C
,,,,914,JAN11B
,,,,915,NEWS01B
,,,,916,NOV04C
,,,,917,BH1T29B
,,,,918,L2FB14B
,,,,919,REAL28
,,,,920,LIT16
,,,,921,DISTFB13_SP
,,,,922,DISTFB12_SP
,,,,923,EG-FACTOR22
,,,,924,EG-FACTOR37
,,,,925,BH1T17B
,,,,926,BH1T08A
,,,,927,BH1T27B
,,,,928,L3NOV07
,,,,929,BH1T23C
,,,,930,NEWS01C
,,,,931,EG17
,,,,932,BH1T36A
,,,,933,EMX03
,,,,934,L2FB15A
,,,,935,PERCENT14A
,,,,936,EG38
,,,,937,BH1T30B
,,,,938,JAN11C
,,,,939,BH1T34C
,,,,940,DEC03
,,,,941,REAL32
,,,,942,JAN04A
,,,,943,NOV04B
,,,,944,L3NOV12
,,,,945,EG12B
,,,,946,REAL13B
,,,,947,BH1T10
,,,,948,BH1T08C
,,,,949,BH1T30A
,,,,950,BH1T27C
,,,,951,BH1T21B
,,,,952,BH1T39C
,,,,953,LIT9
,,,,954,LIT1A
,,,,955,LIT3A
,,,,956,LIT8A
,,,,957,LIT35A
,,,,958,RXMX_2B
,,,,959,RXMX_3B
,,,,960,EMX04C
,,,,961,BH1T15
,,,,962,BH1T28A
,,,,963,BH1T19C
,,,,964,BH1T21
,,,,965,BH1T31A
,,,,966,PERCENT04
,,,,967,DEC01C
,,,,968,PERCENT14B
,,,,969,RXMX_3
,,,,970,REAL32B
,,,,971,L1FB12
,,,,972,JAN13C
,,,,973,L3NOV10
,,,,974,BH1T02C
,,,,975,L2FB15C
,,,,976,LIT43
,,,,977,EG-FACTOR31
,,,,978,EG-FACTOR29
,,,,979,EMX04B
,,,,980,BH1T19
,,,,981,PERCENT05C
,,,,982,BH1T32B
,,,,983,LIT8
,,,,984,LIT3
,,,,985,LIT54A
,,,,986,LIT59A
,,,,987,LIT58A
,,,,988,BH1T15A
,,,,989,BH1T26B
,,,,990,RXMX_3C
,,,,991,EMX04A
,,,,992,RXMX_2
,,,,993,PERCENT03B
,,,,994,BH1T32C
,,,,995,PERCENT14
,,,,996,L5FB04A
,,,,997,BH1T47B
,,,,998,EG39
,,,,999,BH1T28B
,,,,1000,PERCENT04B
,,,,1001,BH1T02B
,,,,1002,PERCENT03
,,,,1003,BH1T08B
,,,,1004,PERCENT03C
,,,,1005,LIT1
,,,,1006,LIT7A
,,,,1007,REAL19B
,,,,1008,BH1T47
,,,,1009,L3NOV07A
,,,,1010,BH1T34
,,,,1011,BH1T47C
,,,,1012,L5FB03B
,,,,1013,L5FB03
,,,,1014,DEC03C
,,,,1015,BH1T15B
,,,,1016,LIT18A
,,,,1017,NEWS01
,,,,1018,L2FB15B
,,,,1019,L5FB04
,,,,1020,RXMX_2A
,,,,1021,EG12C
,,,,1022,EG12
,,,,1023,BH1T32A
,,,,1024,BH1T29C
,,,,1025,BH1T26
,,,,1026,REAL17A
,,,,1027,LIT15A
,,,,1028,LIT78
,,,,1029,REAL19
,,,,1030,LIT9A
,,,,1031,REAL19C
,,,,1032,L2FB14A
,,,,1033,PERCENT03A
,,,,1034,EG36A
,,,,1035,EG37
,,,,1036,EG36B
,,,,1037,EG37A
,,,,1038,EG39A
,,,,1039,LIT12A
,,,,1040,LIT60A
,,,,1041,EG-FACTOR49
,,,,1042,L3NOV08
,,,,1043,TRANSFORMG057
,,,,1044,TRANSFORMV039
,,,,1045,EG-FACTOR33
,,,,1046,EG18
,,,,1047,EG18A
,,,,1048,EG17A
,,,,1049,LIT4A
,,,,1050,L1FB12A
,,,,1051,JAN13B
,,,,1052,LIT16A
,,,,1053,PERCENT05
,,,,1054,JAN04
,,,,1055,EG-FACTOR44
,,,,1056,EG-FACTOR40
,,,,1057,TRANSFORMG063
,,,,1058,TRANSFORMA051
,,,,1059,TRANSFORMG062
,,,,1060,EG38B
,,,,1061,EG38C
,,,,1062,L2FB14
,,,,1063,EG20A
,,,,1064,EG19
,,,,1065,EG20
,,,,1066,EG19A
,,,,1067,EG9A
,,,,1068,EG10B
,,,,1069,EG9B
,,,,1070,EG10
,,,,1071,EG37B
,,,,1072,EG10C
,,,,1073,EG9
,,,,1074,EG10A
,,,,1075,EG9C
,,,,1076,EG36C
,,,,1077,TRANSFORMG037
,,,,1078,BH1T46
,,,,1079,PERCENT06
,,,,1080,BH1T05
,,,,1081,REAL48
,,,,1082,JAN13
,,,,1083,FOR06B
